"","logFC","AveExpr","t","P.Value","adj.P.Val","B"
"ILMN_1763670",0.307796154805551,8.49470599733929,4.90937245978865,8.13718111586732e-06,0.397118849997673,3.08500538015174
"ILMN_1667005",0.148366782016666,6.82227881851786,4.60960993422429,2.34637503316634e-05,0.465071211484741,2.22171981637553
"ILMN_1854603",0.134931364155555,6.81915273010714,4.55290464533588,2.8588685827802e-05,0.465071211484741,2.06055793165853
"ILMN_1741572",-0.192976091272223,8.896622055875,-4.36721022836547,5.42261204618091e-05,0.493030780824948,1.53822258468932
"ILMN_1684767",-0.144648558416666,6.81227077248214,-4.36272330836381,5.5064030630908e-05,0.493030780824948,1.52571009850475
"ILMN_2378100",0.23210203116667,10.4001481858929,4.2558655404434,7.91799619832292e-05,0.493030780824948,1.22933436115293
"ILMN_1904953",-0.121444840911113,6.84206320689286,-4.25550224786729,7.92772836851602e-05,0.493030780824948,1.22833215748387
"ILMN_1807492",0.362488908988889,8.52581523825,4.24980142694232,8.08197497407861e-05,0.493030780824948,1.21261039498904
"ILMN_1851363",-0.139096629477774,6.85067103535714,-4.16881443703872,0.000106139967803606,0.57554987207993,0.990278803989772
"ILMN_1671215",-0.161686598527779,6.87654785926786,-4.11149279290477,0.000128542337907483,0.595531660486004,0.834094235197884
"ILMN_1749521",-0.365034303705553,9.938652165625,-4.09848244965828,0.000134230442090569,0.595531660486004,0.798785017854329
"ILMN_1759117",0.131215041149999,6.81346028694643,4.04822925165621,0.000158574065128647,0.64490750837278,0.662899266640984
"ILMN_1781039",0.268743048116669,7.870766325125,4.00916224871329,0.000180392732484178,0.67720819410964,0.557818536451883
"ILMN_1679277",-0.143973641877782,6.81725577346429,-3.98104049923867,0.000197863079311543,0.689736561402945,0.482486235411505
"ILMN_1813025",0.117137964144445,6.84565706,3.90516174623621,0.000253526986055693,0.794296733295799,0.28054455319886
"ILMN_2094166",0.337898839972217,10.6374780236607,3.89692177276822,0.000260409149698436,0.794296733295799,0.25873333652703
"ILMN_1780762",-0.106853091849999,6.77052856948214,-3.83497307012135,0.000318220745615924,0.867080732231591,0.0955171971919748
"ILMN_1784780",-0.195952977005557,8.04876871923214,-3.80549322815062,0.00034988582083448,0.867080732231591,0.0183273121606629
"ILMN_1754752",0.142977947411111,6.93972762353571,3.78849035633362,0.000369502200049628,0.867080732231591,-0.0260493864097198
"ILMN_1756727",0.143603838372218,6.78066538441071,3.78453113360129,0.00037421920881297,0.867080732231591,-0.0363675703136783
"ILMN_1823075",-0.0961893618555534,6.83777869328571,-3.76450906210943,0.000398971848871429,0.867080732231591,-0.0884588076659121
"ILMN_1815107",-0.218585230944443,11.4936022755357,-3.76422090489068,0.000399339299329541,0.867080732231591,-0.0892074198871446
"ILMN_1879602",-0.134587164394445,6.78736804151786,-3.75701065272418,0.000408639977897396,0.867080732231591,-0.107929091457864
"ILMN_1781360",0.258976990027776,7.891815013875,3.7273732645738,0.000449097270332733,0.902166616022769,-0.184679207779475
"ILMN_1843643",-0.149333158988889,6.81297645657143,-3.71376089791458,0.000468939834677356,0.902166616022769,-0.219819207313661
"ILMN_1754538",0.351036658427777,7.692782112125,3.69808626181948,0.000492828556767538,0.902166616022769,-0.260195434279154
"ILMN_2105033",-0.257271592838887,10.2823167371607,-3.67640997069004,0.00052779004078454,0.902166616022769,-0.315875749618499
"ILMN_1738867",0.1596768821,6.92332162164286,3.65310230841433,0.000568025593524237,0.902166616022769,-0.375543190200566
"ILMN_2404850",1.03185042262222,8.76504509385714,3.63569547792725,0.000599969902301409,0.902166616022769,-0.419965676217553
"ILMN_1741719",0.126511389611109,7.00523180578571,3.62552103885391,0.000619428927686457,0.902166616022769,-0.445875561287325
"ILMN_1672526",0.132822970011111,6.86368998539286,3.62325060367788,0.000623852752293694,0.902166616022769,-0.451651767666191
"ILMN_1704980",-0.155106979227776,6.92491346380357,-3.60534616346144,0.000659811076989138,0.902166616022769,-0.497130361590445
"ILMN_1911083",-0.106871879388888,6.81302839353571,-3.59599221535115,0.000679375358066636,0.902166616022769,-0.520838997271264
"ILMN_1753885",-0.21248752082222,9.87791756817857,-3.59430992104376,0.0006829521907826,0.902166616022769,-0.525099225535065
"ILMN_2227495",-0.441441637722223,12.0809059019643,-3.59331812867531,0.000685069314598341,0.902166616022769,-0.527610297655985
"ILMN_2206188",-0.515606207716665,10.0839799464821,-3.58520457263723,0.000702625541589247,0.902166616022769,-0.548137706198756
"ILMN_1824030",0.0945826153888891,6.86169831860714,3.56372341726831,0.00075120258253331,0.902166616022769,-0.60235632811384
"ILMN_1743078",-0.461090261944451,12.5528109758929,-3.53678441049874,0.00081665507522328,0.902166616022769,-0.670083623794828
"ILMN_1683234",0.127660339372221,7.023966839125,3.53597174414855,0.00081871159144563,0.902166616022769,-0.672122095293445
"ILMN_1719606",0.193836769594446,8.38595433676786,3.53169275369842,0.000829621512702081,0.902166616022769,-0.682850890398202
"ILMN_2211724",-0.326569850166671,12.8155800273214,-3.52148522706137,0.000856208814214146,0.902166616022769,-0.708413702378749
"ILMN_1877204",0.100377002238888,6.83804001048214,3.49713707240529,0.000922940535003109,0.902166616022769,-0.769213233277847
"ILMN_1652205",0.124427981772224,6.88219606394643,3.49188822598698,0.000937960563386588,0.902166616022769,-0.782287420245491
"ILMN_1703246",-0.211096072855559,9.26472472421429,-3.49082131646584,0.000941041911117242,0.902166616022769,-0.784943528811976
"ILMN_1742163",-0.409864276555558,13.0938154217857,-3.48251447240187,0.000965364306924504,0.902166616022769,-0.80560722898457
"ILMN_1664691",0.233411634116664,7.36008523198214,3.48012198017017,0.000972479616084122,0.902166616022769,-0.811553249214322
"ILMN_1891613",0.134595046999999,6.90422595814286,3.47170278419099,0.000997916839066654,0.902166616022769,-0.832457981385767
"ILMN_1696302",0.48049214321111,7.8734814095,3.45465688183827,0.00105136698241447,0.902166616022769,-0.8746900229225
"ILMN_2273902",-0.0952820422388898,6.81296614208929,-3.45085892883056,0.00106364101625071,0.902166616022769,-0.884082660414323
"ILMN_1882231",-0.120650210061112,6.808637870625,-3.44647217344426,0.00107798724372444,0.902166616022769,-0.89492372579352
"ILMN_2229649",0.551193895177775,7.31789282078571,3.44266555497567,0.00109058491612886,0.902166616022769,-0.904324364712739
"ILMN_1656863",0.0991721092000004,6.78220170567857,3.44221848611355,0.00109207358899264,0.902166616022769,-0.905428013624583
"ILMN_1703077",-0.0995267489833314,6.77695811158929,-3.43735020126054,0.00110840961573139,0.902166616022769,-0.917440428677126
"ILMN_1855140",-0.104412502155556,6.81855287271429,-3.43251241901988,0.00112487286305048,0.902166616022769,-0.929367414461834
"ILMN_1851412",0.112524531700002,6.818191187,3.42032151628361,0.00116739440227077,0.902166616022769,-0.959377575778712
"ILMN_1699455",0.110716377822221,6.82511002328571,3.41948392568564,0.00117037119297967,0.902166616022769,-0.961437083918721
"ILMN_1883546",-0.120983750711109,6.75388274171429,-3.41253346814301,0.00119535232074156,0.902166616022769,-0.97851538381672
"ILMN_1727348",0.182770643400002,7.85579637053571,3.40788647599886,0.00121233554996323,0.902166616022769,-0.989921939674134
"ILMN_1858007",0.11868462526111,6.82561826280357,3.40766946784243,0.00121313420837781,0.902166616022769,-0.990454378878773
"ILMN_1915308",-0.12079045846111,6.77844193641071,-3.4038041183316,0.00122744375840072,0.902166616022769,-0.999934724310084
"ILMN_1860665",-0.0976861380555558,6.90475755535714,-3.39948267178476,0.00124363118650376,0.902166616022769,-1.01052594373781
"ILMN_1689552",-0.48962270972223,9.35051918425,-3.39341217449429,0.00126671232874508,0.902166616022769,-1.0253899383159
"ILMN_2316918",-0.105375143355559,6.86775118528571,-3.38260819511085,0.00130879846184463,0.902166616022769,-1.05180390668753
"ILMN_1857081",-0.35737946698889,7.88553794821429,-3.38167045489462,0.00131251317713292,0.902166616022769,-1.05409409122613
"ILMN_1885063",0.131908991138889,6.80250794883929,3.37734346729503,0.00132978360988992,0.902166616022769,-1.06465656909793
"ILMN_1806500",-0.13324964122222,6.81625130614286,-3.37677342077308,0.00133207483310203,0.902166616022769,-1.06604747242815
"ILMN_2106656",-0.247127268933337,7.93916639067857,-3.36648820656562,0.0013740626288448,0.902166616022769,-1.09111836420086
"ILMN_1911853",-0.10327705973889,6.86610765169643,-3.3633795696539,0.0013869977491474,0.902166616022769,-1.09868658822379
"ILMN_1896790",-0.0964565056166666,6.79245731716071,-3.36275625579951,0.0013896052098241,0.902166616022769,-1.10020357566565
"ILMN_2153679",-0.181506894744444,7.24137314971429,-3.36254483303599,0.00139049069165174,0.902166616022769,-1.10071808546218
"ILMN_1815062",0.124566653133331,6.82678250332143,3.34683486571313,0.00145780215960167,0.902166616022769,-1.13889316962139
"ILMN_1872550",-0.133849158933334,6.85265961453571,-3.33925753412865,0.00149135940593973,0.902166616022769,-1.15726634576414
"ILMN_2204332",-0.131201965388888,6.91831817635714,-3.33839653482223,0.0014952183487169,0.902166616022769,-1.15935241941659
"ILMN_1723320",0.117317623550004,6.90666848701786,3.33654665237778,0.00150354136352796,0.902166616022769,-1.16383327726759
"ILMN_1889942",-0.0955557023999996,6.94563483117857,-3.32665971632357,0.00154877263529686,0.902166616022769,-1.18775553757899
"ILMN_1782350",0.127880595883333,7.10729206455357,3.32165165135913,0.0015721716502838,0.902166616022769,-1.19985604208114
"ILMN_1671045",0.111157148988889,6.81150644489286,3.3151834174396,0.00160288760706734,0.902166616022769,-1.21546772073492
"ILMN_1813801",0.296852011905555,9.329999956625,3.31500719614017,0.00160373231822913,0.902166616022769,-1.21589278020975
"ILMN_2150294",-0.424366325549999,9.83845017276786,-3.30921737777432,0.0016317206966293,0.902166616022769,-1.22985038564655
"ILMN_1790650",-0.267442533455558,10.5713931307857,-3.30563322544901,0.00164927729117948,0.902166616022769,-1.23848307638267
"ILMN_1851020",0.133187585338888,7.020038613375,3.30348432352024,0.00165988885698704,0.902166616022769,-1.24365604138364
"ILMN_1695288",-0.16291744867778,6.87521807592857,-3.30037217961762,0.00167537140974518,0.902166616022769,-1.25114402607348
"ILMN_1661610",-0.100893553449999,6.81188940605357,-3.29603634466779,0.00169716914944726,0.902166616022769,-1.26156886307923
"ILMN_1731742",-0.145444291555558,7.28015344321429,-3.29142547773472,0.00172064320580605,0.902166616022769,-1.27264548505672
"ILMN_1653202",0.105793413655556,6.82496776496429,3.29138560956133,0.00172084750597433,0.902166616022769,-1.27274121712733
"ILMN_1798454",0.240739061638889,8.63973493066071,3.28196103738599,0.00176979048288561,0.902166616022769,-1.29535106677051
"ILMN_2110751",-0.479638435727781,10.5965907411964,-3.27990337552702,0.001780649479978,0.902166616022769,-1.30028200399184
"ILMN_1808956",0.0942280157611091,6.78635364741071,3.27904267660758,0.00178521030965757,0.902166616022769,-1.3023439832326
"ILMN_1694131",0.113868177072221,6.838477601875,3.27108813369212,0.00182788608909438,0.902166616022769,-1.32138445333264
"ILMN_1886906",0.117620324505555,6.83863631619643,3.26913444415291,0.00183851377620374,0.902166616022769,-1.32605642767573
"ILMN_1773914",-0.101869914449998,6.75144916219643,-3.26874210923313,0.00184065501599026,0.902166616022769,-1.32699442759326
"ILMN_1702073",0.151644336422222,7.20118110710714,3.26375983087288,0.00186805209370494,0.902166616022769,-1.33889989812484
"ILMN_2077130",-0.16105233183333,14.2658462358929,-3.25958933969682,0.00189128041897844,0.902166616022769,-1.34885665693295
"ILMN_1859435",-0.116859771966667,6.87756135907143,-3.25585865337266,0.00191228966329981,0.902166616022769,-1.35775653133014
"ILMN_1676402",0.0857438244888868,6.80309051682143,3.24411133472466,0.00197989037527981,0.902166616022769,-1.38573821674004
"ILMN_1742548",-0.102125509727779,6.86099407394643,-3.24367513735192,0.00198244334826367,0.902166616022769,-1.38677597641691
"ILMN_1781890",0.0990191490444445,6.83357603835714,3.23775610711034,0.00201739422690776,0.902166616022769,-1.40084912986568
"ILMN_2241775",-0.233927886549999,9.44673566048214,-3.23479393891058,0.00203510247457745,0.902166616022769,-1.4078858206261
"ILMN_2276758",-0.315683481072227,10.7947567118393,-3.23328059745455,0.00204420584030374,0.902166616022769,-1.41147919710773
"ILMN_1834635",0.0867569435388891,6.80014207930357,3.22863313233833,0.00207240254341011,0.902166616022769,-1.4225076817426
"ILMN_2385318",0.118884947194448,6.92809407801786,3.22771817795755,0.00207799664974648,0.902166616022769,-1.42467767573062
"ILMN_2231845",-0.108610831944445,6.80064733785714,-3.22644305300749,0.0020858165867722,0.902166616022769,-1.4277012244615
"ILMN_1712912",-0.116965004038887,6.89695439516071,-3.22600151611399,0.00208853084457289,0.902166616022769,-1.42874800787038
"ILMN_1708421",-0.101063388044444,6.85910899178571,-3.21931160804858,0.00213006472078026,0.902166616022769,-1.44459695563529
"ILMN_1670931",-0.179870786577775,8.78132517864286,-3.21677217030943,0.00214603326653929,0.902166616022769,-1.4506075357762
"ILMN_1846419",-0.0965193466222241,6.84679309425,-3.20944902750778,0.00219271601972278,0.902166616022769,-1.46792347087759
"ILMN_1693404",0.119225945449996,7.04723989430357,3.2090722606328,0.00219514344770798,0.902166616022769,-1.46881366433079
"ILMN_1689836",-0.290486787722227,11.2012592283929,-3.20901704582064,0.00219549939720694,0.902166616022769,-1.46894411561579
"ILMN_1655827",0.1767047474,7.53213803960714,3.20701843339173,0.00220842033057374,0.902166616022769,-1.4736650867925
"ILMN_1909743",-0.122092707611111,6.97263097367857,-3.20072333365626,0.00224958690491902,0.902166616022769,-1.4885224369088
"ILMN_1878873",-0.105249233738888,6.80751003708929,-3.2006082500147,0.00225034616521237,0.902166616022769,-1.48879387479189
"ILMN_1670542",0.324971374722223,8.66784449978571,3.19970156131688,0.002256336446861,0.902166616022769,-1.49093218187286
"ILMN_1793563",-0.167830504499999,7.59792649085714,-3.19811137272424,0.00226687868334322,0.902166616022769,-1.49468148455056
"ILMN_1727778",-0.10487234855556,6.85282156435714,-3.19695853797338,0.00227455040418103,0.902166616022769,-1.49739884962053
"ILMN_2130514",-0.214029590288886,7.983515555,-3.19321309791435,0.00229964387328539,0.902166616022769,-1.50622289119244
"ILMN_1748105",-0.22277151166667,7.30461464625,-3.19228302443344,0.00230591534172609,0.902166616022769,-1.50841304842169
"ILMN_1761031",-0.137999771827778,7.34391860973214,-3.19112260508365,0.00231376257535141,0.902166616022769,-1.5111450471209
"ILMN_1655809",0.100545717677775,6.89157702735714,3.18984492279292,0.00232243182548894,0.902166616022769,-1.51415237264652
"ILMN_1907732",0.120078610533334,6.82041644721429,3.1895097881825,0.00232471080987648,0.902166616022769,-1.51494106092863
"ILMN_1869160",-0.104049341238891,6.806283078125,-3.1876602958555,0.00233732559880645,0.902166616022769,-1.51929258895453
"ILMN_1789224",0.100024449061113,6.81510229291071,3.18395799148735,0.00236277138000571,0.902166616022769,-1.52799851430889
"ILMN_2090351",0.214679971594441,7.22109106073214,3.18038430090318,0.00238757995823591,0.902166616022769,-1.53639574720446
"ILMN_1887484",-0.08715394207222,6.83257345158929,-3.1773553347872,0.00240879849918156,0.902166616022769,-1.54350820051723
"ILMN_1898149",0.0957667849333328,6.81567808035714,3.17658813080205,0.00241420097627162,0.902166616022769,-1.54530900447841
"ILMN_2384785",0.101813694272225,6.96264461319643,3.17306161614483,0.0024391806442953,0.902166616022769,-1.55358288760769
"ILMN_1700475",0.115882278761109,6.90223945801786,3.17013056405852,0.00246012697584601,0.902166616022769,-1.56045512545036
"ILMN_1681221",-0.107877949305558,6.80013074001786,-3.17005941271663,0.00246063754271628,0.902166616022769,-1.56062189746647
"ILMN_1736190",-0.101541976766668,6.85223867471429,-3.16984698146011,0.00246216249637607,0.902166616022769,-1.56111980165966
"ILMN_1756130",0.107811899066666,6.862955142,3.16918551953557,0.00246691653741412,0.902166616022769,-1.56267002052129
"ILMN_1698136",-0.129105491872224,6.77971027673214,-3.16886704793327,0.00246920852129978,0.902166616022769,-1.56341632304887
"ILMN_1679754",0.0933201330499998,6.89828119319643,3.1672590662824,0.00248081145510622,0.902166616022769,-1.56718369769597
"ILMN_1775167",0.107672191422221,6.83108131835714,3.16249574870794,0.00251548400157469,0.902166616022769,-1.57833641977276
"ILMN_2282077",-0.215593553583332,7.806488779875,-3.15825854705609,0.00254670882039537,0.902166616022769,-1.58824804852388
"ILMN_1842602",-0.113418183683333,6.89692437091071,-3.15708306943824,0.00255543541885709,0.902166616022769,-1.59099616997196
"ILMN_2185911",0.116173585666664,6.79218707764286,3.15446113887605,0.00257500153984986,0.902166616022769,-1.59712349698376
"ILMN_1755732",-0.117833287283333,6.98893156994643,-3.15233039946753,0.00259100563275294,0.902166616022769,-1.60210046758464
"ILMN_1836556",0.0809460026277771,6.817409117375,3.14926113477803,0.00261422319512183,0.902166616022769,-1.60926575029338
"ILMN_1808661",0.405560728611107,9.3784915055,3.1479302017577,0.00262435165033046,0.902166616022769,-1.61237142114906
"ILMN_1693685",0.303321514511114,8.02350770346429,3.14781351771002,0.00262524137419983,0.902166616022769,-1.61264365676006
"ILMN_1781097",-0.199810530277782,11.4545763741071,-3.14508176552854,0.00264615222910124,0.902166616022769,-1.61901520854132
"ILMN_1697200",-0.144260621638889,9.03589776755357,-3.14135298740886,0.00267494738473375,0.902166616022769,-1.62770633914844
"ILMN_1809895",0.106920814433336,6.75928601082143,3.13705864133749,0.00270847422098111,0.902166616022769,-1.63770727508002
"ILMN_1735578",-0.111235511311109,6.82723854978571,-3.12982668093237,0.00276582785151549,0.902166616022769,-1.65452905924618
"ILMN_1869735",0.104917050805551,6.84516694273214,3.12763599651286,0.00278342472507478,0.902166616022769,-1.65961959260104
"ILMN_2186216",-0.35973694767222,9.07910206491071,-3.12678116771359,0.00279031964228368,0.902166616022769,-1.66160533326076
"ILMN_1720707",0.0995130615277748,6.83472318883929,3.12646102679322,0.00279290596828081,0.902166616022769,-1.66234891804013
"ILMN_1674996",0.107117772588889,6.85965354496429,3.12534177956388,0.00280196571686663,0.902166616022769,-1.66494817400881
"ILMN_2176882",-0.398342934477778,10.0763745597857,-3.12514380972107,0.00280357104871331,0.902166616022769,-1.66540786012144
"ILMN_1798108",0.186494580994447,8.46355065955357,3.12408497437551,0.00281217176199152,0.902166616022769,-1.66786614865947
"ILMN_1694818",0.0911630752444443,6.81268868771429,3.12396324653823,0.00281316211708835,0.902166616022769,-1.66814872767598
"ILMN_1849633",-0.0932119302722203,6.785395104625,-3.12394072506343,0.00281334538346318,0.902166616022769,-1.66820100822967
"ILMN_1662879",-0.12875929186111,6.88274963798214,-3.12250643452003,0.00282503986562744,0.902166616022769,-1.67153000439447
"ILMN_1685189",-0.101634538483332,6.850794332875,-3.12210265232566,0.00282834031210138,0.902166616022769,-1.67246700206535
"ILMN_1664761",-0.458356286611112,11.5003394723214,-3.11947027529612,0.0028499456495713,0.903155178805379,-1.67857359861183
"ILMN_1821055",0.0935145230499979,6.85961046669643,3.11494884852391,0.00288741682239077,0.904641849795621,-1.68905443074485
"ILMN_1857161",-0.124269809155556,6.82592031635714,-3.11443431796637,0.00289171011142997,0.904641849795621,-1.6902464907955
"ILMN_1768533",0.0948713706555591,6.82727057907143,3.10842312711059,0.00294231313368767,0.906508865906583,-1.70416345595318
"ILMN_2078547",-0.401266163827778,9.49268090405357,-3.1082128808889,0.00294409793980852,0.906508865906583,-1.70464988887542
"ILMN_1718997",0.0836388976055558,6.92440629555357,3.10497372066348,0.00297172405620894,0.906508865906583,-1.71214135007051
"ILMN_1778291",0.0966945871944418,6.82933894969643,3.10452301825998,0.00297558718774989,0.906508865906583,-1.71318331228011
"ILMN_1670674",-0.104835334711114,6.80364212514286,-3.1007042998681,0.00300850804387725,0.906508865906583,-1.72200761548835
"ILMN_1822217",-0.12010253437222,6.84581384269643,-3.09727191226892,0.00303838912105483,0.906508865906583,-1.72993299507856
"ILMN_2295280",0.107381429666663,6.78972854192857,3.09647908073683,0.00304533060732689,0.906508865906583,-1.7317628083608
"ILMN_1864370",-0.104142586905557,6.80898621251786,-3.09138406157739,0.00309029456295174,0.906508865906583,-1.74351436629632
"ILMN_1880379",-0.0953919456944439,6.81694739766071,-3.09125084463865,0.00309147850740357,0.906508865906583,-1.74382145472102
"ILMN_1702775",-0.215806229738891,6.97507796566071,-3.08625072310733,0.00313622453310924,0.906508865906583,-1.75534120157986
"ILMN_1664437",-0.078848810866667,6.81488987582143,-3.08588783546981,0.00313949548706619,0.906508865906583,-1.75617676957172
"ILMN_1750325",0.136509509477777,7.11628149771429,3.08485807264894,0.0031487948327813,0.906508865906583,-1.75854749423198
"ILMN_1680279",-0.257636687133335,10.5118450782857,-3.08204013221614,0.00317437437921973,0.906508865906583,-1.76503225582695
"ILMN_1812395",-0.0981976656833368,6.78402206944643,-3.07799316747294,0.00321145051403523,0.906508865906583,-1.77433833883519
"ILMN_2079042",-0.0903246137444418,6.77121457882143,-3.07696949349179,0.00322089285266414,0.906508865906583,-1.7766909975454
"ILMN_1887341",-0.105537920638889,6.820292229625,-3.07534984785729,0.00323588547819208,0.906508865906583,-1.78041227349424
"ILMN_2313349",0.104518198772224,6.84611495466071,3.07448765694114,0.0032438931454502,0.906508865906583,-1.78239269436525
"ILMN_1913579",0.0968248616222205,6.8751613685,3.07412979675393,0.00324722224007581,0.906508865906583,-1.78321457639454
"ILMN_1678707",-0.267431447888887,10.6793916275,-3.07376701241206,0.00325060040435326,0.906508865906583,-1.78404770182881
"ILMN_1691547",0.079551933338891,6.819743182875,3.06514189108148,0.00333189000841636,0.912871460319218,-1.80383558248116
"ILMN_1733716",-0.0984841576944442,6.80280955123214,-3.06140940627667,0.00336765357796617,0.912871460319218,-1.81238708247017
"ILMN_1741079",0.0903400715833325,6.78911276969643,3.06115776002589,0.0033700776434362,0.912871460319218,-1.81296337644635
"ILMN_1899404",0.0938550851722217,6.79320904555357,3.0584567107852,0.00339619928826605,0.912871460319218,-1.81914702303682
"ILMN_1916743",0.0882868137722221,6.87309494569643,3.05728188785248,0.00340761985858237,0.912871460319218,-1.82183545297828
"ILMN_1885567",-0.0749052683111122,6.78109828957143,-3.05453244951816,0.00343448784802388,0.912871460319218,-1.82812445712565
"ILMN_1896614",0.110111163333334,6.81830577064286,3.05061730983738,0.00347308904160913,0.912871460319218,-1.83707325451237
"ILMN_1815158",-0.179338398522223,9.14047080442857,-3.04887729518579,0.00349037442802299,0.912871460319218,-1.84104789545137
"ILMN_1824496",0.0829355222611126,6.84695497851786,3.04749764701579,0.00350413700182859,0.912871460319218,-1.84419827485426
"ILMN_2344662",0.118380622327778,6.89548026916071,3.04730330617028,0.00350607970187392,0.912871460319218,-1.84464196789861
"ILMN_1740233",0.097964123222221,6.81107269214286,3.04728360868885,0.003506276661027,0.912871460319218,-1.84468693748544
"ILMN_1681057",-0.0922997651277813,6.79517759219643,-3.04508858305404,0.0035282900319229,0.912871460319218,-1.8496969730513
"ILMN_1776173",0.136267264222219,11.4079214928571,3.04455078844933,0.00353370309362125,0.912871460319218,-1.85092408888041
"ILMN_1806733",-0.102675095805554,6.88117389473214,-3.04181501102915,0.0035613597860722,0.912871460319218,-1.85716418792416
"ILMN_1666761",-0.173087724394446,9.86755200751786,-3.03561405368919,0.00362479690904287,0.912871460319218,-1.87129399528997
"ILMN_1909438",0.123563989533333,6.79185332167857,3.03384753787939,0.00364306088692829,0.912871460319218,-1.87531567890887
"ILMN_1900615",-0.0993504852388876,6.81851462023214,-3.02984946622088,0.00368471456589974,0.912871460319218,-1.88441188350622
"ILMN_1774884",0.0942528565722203,6.83232402851786,3.0297499050385,0.0036857574883266,0.912871460319218,-1.88463829573803
"ILMN_2297161",0.118980229700001,6.93243428767857,3.0287014667832,0.00369675681772333,0.912871460319218,-1.88702224313598
"ILMN_2136177",-0.201523546305555,8.82291059344643,-3.02343587194936,0.00375246374629568,0.912871460319218,-1.89898669206827
"ILMN_1827134",-0.0899365896111144,6.81053825278571,-3.02187216797545,0.00376915705115972,0.912871460319218,-1.90253699570495
"ILMN_1833051",0.0805887986111111,6.82424335042857,3.018093147352,0.00380978640157522,0.912871460319218,-1.91111187782238
"ILMN_2359078",0.0939617227055543,6.79843309430357,3.01331424041914,0.00386175080316901,0.912871460319218,-1.92194507980692
"ILMN_1775188",-0.0910964552055562,6.81438924876786,-3.01315678064016,0.00386347416939897,0.912871460319218,-1.92230182228887
"ILMN_1896088",-0.087877085794446,6.77512388844643,-3.01000457975174,0.0038981256337243,0.912871460319218,-1.92944079734736
"ILMN_1785703",-0.322639799955557,8.91400828707143,-3.00687951566066,0.00393276465134037,0.912871460319218,-1.93651326433196
"ILMN_1751901",-0.530973152194443,7.78400541280357,-3.00563962398836,0.00394658727244788,0.912871460319218,-1.93931792203698
"ILMN_1688019",0.0862294560499945,6.82773750405357,3.00464570193703,0.0039577004514956,0.912871460319218,-1.94156561949875
"ILMN_1705630",0.11138998498333,6.88690753266071,3.00361996504485,0.00396919993687332,0.912871460319218,-1.94388473003847
"ILMN_1870630",-0.115997203061112,6.84964531958929,-3.00182825889189,0.00398936140856719,0.912871460319218,-1.94793433421947
"ILMN_1897980",-0.0822400657500006,6.80616768294643,-3.00055879856735,0.00400370394809117,0.912871460319218,-1.95080255797994
"ILMN_2122014",-0.0862469060999995,6.77305958853571,-2.99941492502263,0.00401666873567723,0.912871460319218,-1.95338631734792
"ILMN_1826236",0.0750771263055547,6.88559775633929,2.99415318562844,0.00407681130536609,0.912871460319218,-1.96526271717144
"ILMN_1667933",0.0772589349277792,6.76623135623214,2.99409112393617,0.00407752566137497,0.912871460319218,-1.96540271262376
"ILMN_1902082",-0.107188257777779,6.86907453089286,-2.99315330525836,0.00408833455141288,0.912871460319218,-1.96751795108729
"ILMN_1849196",0.110152602705553,6.81750991544643,2.9900214125204,0.0041246251067765,0.912871460319218,-1.97457859394462
"ILMN_2151168",0.131657365766667,6.98692144110714,2.98699916361583,0.00415992945988484,0.912871460319218,-1.98138722860111
"ILMN_1695301",0.084758144883331,6.83068184794643,2.98661400119638,0.00416444889292718,0.912871460319218,-1.98225459618355
"ILMN_1670145",-0.374559362611114,11.4285598576786,-2.98534672194979,0.00417935123521761,0.912871460319218,-1.98510790537808
"ILMN_1670274",-0.113440431222222,6.78332037725,-2.98491524226444,0.00418443646529418,0.912871460319218,-1.98607920169279
"ILMN_1662786",0.0940515039611096,6.84909864473214,2.98150615666991,0.00422481751740807,0.912871460319218,-1.99374993101482
"ILMN_2333829",0.0917909195166633,6.75780518983929,2.9789749232337,0.00425503469084905,0.912871460319218,-1.99944150773181
"ILMN_1743476",-0.130380033622227,7.46332507975,-2.97800833760663,0.00426662651850172,0.912871460319218,-2.00161403283034
"ILMN_1666089",-0.340357746366669,7.72883846867857,-2.97760947592122,0.004271418450445,0.912871460319218,-2.00251038373434
"ILMN_1788988",0.198120596227778,8.14997375876786,2.97742172540264,0.00427367582251049,0.912871460319218,-2.00293228162137
"ILMN_1701314",-0.318963664777783,12.8901173032143,-2.97592310783916,0.00429173392957339,0.912871460319218,-2.00629919607904
"ILMN_2172933",0.0951524231944454,6.76062741083929,2.97436645787772,0.00431056650129691,0.912871460319218,-2.00979525090775
"ILMN_1671720",0.0923690682611111,6.80559248808929,2.97412755469672,0.00431346358463244,0.912871460319218,-2.01033168780138
"ILMN_1772925",-0.108391555549999,6.81271421016071,-2.97363061645068,0.00431949556213921,0.912871460319218,-2.01144742522273
"ILMN_2330495",-0.224780832833332,11.5838435794643,-2.97134833582105,0.00434729948747248,0.912871460319218,-2.01656999995769
"ILMN_1729368",-0.102227602805553,6.88325799141071,-2.97102443780544,0.00435125884928635,0.912871460319218,-2.01729676808628
"ILMN_2178201",0.0959367607055563,6.81346312176786,2.96949172502634,0.00437004043549097,0.912871460319218,-2.02073515298591
"ILMN_1672074",-0.106579480655558,6.86685048582143,-2.96906400479646,0.00437529508884222,0.912871460319218,-2.02169445273502
"ILMN_2297069",-0.230063576499999,12.2380856919643,-2.96808953305033,0.00438728868840178,0.912871460319218,-2.02387966091921
"ILMN_1671058",0.10109571788333,6.84867669344643,2.96807063021127,0.00438752164285154,0.912871460319218,-2.0239220447598
"ILMN_2041176",-0.106441908133332,6.77300850789286,-2.96034959745482,0.00448364223714881,0.912871460319218,-2.04121846243673
"ILMN_2385178",-0.218444823894448,7.95474055891071,-2.95939308333534,0.00449568547243967,0.912871460319218,-2.04335904120976
"ILMN_1889440",-0.10905152523333,6.81460982803571,-2.95797987061167,0.00451353395826179,0.912871460319218,-2.04652078538143
"ILMN_1831363",0.0949844465888878,6.95709383275,2.95711436770697,0.00452449753484595,0.912871460319218,-2.04845663506545
"ILMN_1844299",0.0957040507444464,6.78028256542857,2.95287824506383,0.00457851584184718,0.912871460319218,-2.05792579417257
"ILMN_1759872",-0.188709494666668,13.9180251560714,-2.95217933267688,0.00458748566841607,0.912871460319218,-2.05948719204574
"ILMN_1759374",0.0918741192777759,6.87137637617857,2.95214529048046,0.00458792298220758,0.912871460319218,-2.05956323709582
"ILMN_1728262",0.0846838534833321,6.78936441230357,2.94957424246249,0.00462106347018999,0.912871460319218,-2.06530480245158
"ILMN_1916000",0.109338247722222,6.99934342346429,2.94775871048881,0.00464459934965193,0.912871460319218,-2.06935708236554
"ILMN_2205032",-0.109287707211114,6.89002939610714,-2.9472756468187,0.0046508803470343,0.912871460319218,-2.07043499139316
"ILMN_1719546",0.0855463321666656,6.85718683582143,2.94643509777764,0.00466182834321397,0.912871460319218,-2.07231030072324
"ILMN_1680179",-0.107728709916665,6.78563829816071,-2.94572570185774,0.00467108672665398,0.912871460319218,-2.07389271075992
"ILMN_1905991",-0.10845062398889,6.79871740217857,-2.94259844297488,0.00471210490228436,0.912871460319218,-2.08086534968527
"ILMN_1674665",-0.130420343955558,7.16969157453571,-2.94217869775918,0.00471763582811307,0.912871460319218,-2.08180083461111
"ILMN_1762134",0.118983173077779,6.98532048110714,2.94209902782678,0.00471868630893051,0.912871460319218,-2.08197838425366
"ILMN_1873444",-0.0890107252000005,6.77348033003571,-2.9419364732284,0.00472083033233353,0.912871460319218,-2.08234063738954
"ILMN_1778488",0.268568189694445,9.00797067791071,2.94036280732846,0.00474163313944146,0.912871460319218,-2.08584683259518
"ILMN_1782685",-0.296383656155559,8.54715369328571,-2.93773002321362,0.00477662732179934,0.912871460319218,-2.09170986336795
"ILMN_2202133",-0.0903593330944465,6.75813229730357,-2.93568953673445,0.0048039137288635,0.912871460319218,-2.09625136697013
"ILMN_1723145",-0.0836215762277792,6.784034241125,-2.93565786495783,0.00480433839858995,0.912871460319218,-2.09632184137387
